Detector;Descriptor;Matcher;DescriptorType;Selector;numKeypoint_0;numKeypoint_1;numKeypoint_2;numKeypoint_3;numKeypoint_4;numKeypoint_5;numKeypoint_6;numKeypoint_7;numKeypoint_8;numKeypoint_9;numKeypointsVehicle_0;numKeypointsVehicle_1;numKeypointsVehicle_2;numKeypointsVehicle_3;numKeypointsVehicle_4;numKeypointsVehicle_5;numKeypointsVehicle_6;numKeypointsVehicle_7;numKeypointsVehicle_8;numKeypointsVehicle_9;numKeypointsMatched_0;numKeypointsMatched_1;numKeypointsMatched_2;numKeypointsMatched_3;numKeypointsMatched_4;numKeypointsMatched_5;numKeypointsMatched_6;numKeypointsMatched_7;numKeypointsMatched_8;numKeypointsMatched_9;tKeypointDetection_0;tKeypointDetection_1;tKeypointDetection_2;tKeypointDetection_3;tKeypointDetection_4;tKeypointDetection_5;tKeypointDetection_6;tKeypointDetection_7;tKeypointDetection_8;tKeypointDetection_9;tKeypointDesc_0;tKeypointDesc_1;tKeypointDesc_2;tKeypointDesc_3;tKeypointDesc_4;tKeypointDesc_5;tKeypointDesc_6;tKeypointDesc_7;tKeypointDesc_8;tKeypointDesc_9;SHITOMASI;BRISK;MAT_BF;DES_BINARY;SEL_NN;1370;1301;1361;1358;1333;1284;1322;1366;1389;1339;125;118;123;120;120;113;114;123;111;112;125;118;123;120;120;113;114;123;111;0.159037;0.177989;0.138328;0.142817;0.158143;0.146581;0.140283;0.14037;0.134264;0.168929;0.0051324;0.0049519;0.0063841;0.0047729;0.0051161;0.0044736;0.0047012;0.0049107;0.0052426;0.0047019;
SHITOMASI;BRISK;MAT_BF;DES_BINARY;SEL_KNN;1370;1301;1361;1358;1333;1284;1322;1366;1389;1339;125;118;123;120;120;113;114;123;111;112;95;88;80;90;82;79;85;86;82;0.138891;0.129415;0.149257;0.131595;0.144735;0.132798;0.131304;0.130334;0.131692;0.13559;0.0048808;0.0045598;0.0045469;0.0044677;0.0049617;0.0043584;0.0042226;0.0046252;0.0042851;0.0043617;
SHITOMASI;BRISK;MAT_FLANN;DES_BINARY;SEL_NN;1370;1301;1361;1358;1333;1284;1322;1366;1389;1339;125;118;123;120;120;113;114;123;111;112;125;118;123;120;120;113;114;123;111;0.131249;0.131153;0.134689;0.134353;0.130225;0.131734;0.131689;0.134584;0.135746;0.137764;0.0044704;0.0045284;0.0045237;0.0053841;0.0057876;0.0045264;0.0045309;0.0046976;0.0047659;0.0042584;
SHITOMASI;BRISK;MAT_FLANN;DES_BINARY;SEL_KNN;1370;1301;1361;1358;1333;1284;1322;1366;1389;1339;125;118;123;120;120;113;114;123;111;112;82;80;74;77;73;70;79;81;73;0.141779;0.130344;0.132162;0.132187;0.135177;0.129217;0.142019;0.136056;0.130837;0.133622;0.0055926;0.0044142;0.0047298;0.0045925;0.0045139;0.0043121;0.0043385;0.0048766;0.0045333;0.0043444;
SHITOMASI;BRIEF;MAT_BF;DES_BINARY;SEL_NN;1370;1301;1361;1358;1333;1284;1322;1366;1389;1339;125;118;123;120;120;113;114;123;111;112;125;118;123;120;120;113;114;123;111;0.131376;0.133753;0.130609;0.139766;0.134214;0.130714;0.130639;0.135201;0.131084;0.131857;0.0126704;0.0120576;0.0169719;0.0126624;0.0123716;0.0110397;0.0109135;0.0121422;0.0117954;0.0113883;
SHITOMASI;BRIEF;MAT_BF;DES_BINARY;SEL_KNN;1370;1301;1361;1358;1333;1284;1322;1366;1389;1339;125;118;123;120;120;113;114;123;111;112;115;111;104;101;102;102;100;109;100;0.134694;0.13418;0.130087;0.132903;0.1307;0.132798;0.134205;0.133044;0.132118;0.132681;0.0120564;0.0112157;0.0123286;0.0120335;0.0124427;0.0114149;0.0119676;0.0123463;0.0113016;0.0116009;
SHITOMASI;BRIEF;MAT_FLANN;DES_BINARY;SEL_NN;1370;1301;1361;1358;1333;1284;1322;1366;1389;1339;125;118;123;120;120;113;114;123;111;112;125;118;123;120;120;113;114;123;111;0.135413;0.130808;0.135242;0.130439;0.129905;0.146421;0.138349;0.131271;0.134661;0.131313;0.0130791;0.0113029;0.0120155;0.0114182;0.011444;0.0133644;0.0118261;0.0119283;0.0110014;0.0110691;
SHITOMASI;BRIEF;MAT_FLANN;DES_BINARY;SEL_KNN;1370;1301;1361;1358;1333;1284;1322;1366;1389;1339;125;118;123;120;120;113;114;123;111;112;96;93;91;89;93;93;86;90;85;0.130738;0.135397;0.133768;0.133692;0.130807;0.129927;0.139186;0.133184;0.130167;0.131733;0.0123098;0.0117171;0.0119255;0.0124425;0.0132668;0.0112532;0.0111203;0.0117394;0.0116577;0.0117528;
SHITOMASI;ORB;MAT_BF;DES_BINARY;SEL_NN;1370;1301;1361;1358;1333;1284;1322;1366;1389;1339;125;118;123;120;120;113;114;123;111;112;125;118;123;120;120;113;114;123;111;0.130562;0.131942;0.128251;0.128422;0.133223;0.130194;0.139542;0.13564;0.133;0.134039;0.0331642;0.0339498;0.0325757;0.0336628;0.0326802;0.0327904;0.0352515;0.0331283;0.0332788;0.0349195;
SHITOMASI;ORB;MAT_BF;DES_BINARY;SEL_KNN;1370;1301;1361;1358;1333;1284;1322;1366;1389;1339;125;118;123;120;120;113;114;123;111;112;104;103;100;102;103;98;98;102;97;0.131815;0.131977;0.142182;0.135209;0.136754;0.150811;0.139595;0.139881;0.1363;0.140228;0.0339094;0.0372638;0.0347799;0.0335923;0.0384674;0.0350235;0.0352367;0.0357571;0.0341328;0.034991;
SHITOMASI;ORB;MAT_FLANN;DES_BINARY;SEL_NN;1370;1301;1361;1358;1333;1284;1322;1366;1389;1339;125;118;123;120;120;113;114;123;111;112;125;118;123;120;120;113;114;123;111;0.136203;0.138477;0.136625;0.131307;0.137609;0.143451;0.131569;0.137171;0.137073;0.132524;0.033257;0.0338658;0.0370135;0.0365298;0.0340139;0.0354897;0.0329322;0.0387277;0.0331975;0.0345855;
SHITOMASI;ORB;MAT_FLANN;DES_BINARY;SEL_KNN;1370;1301;1361;1358;1333;1284;1322;1366;1389;1339;125;118;123;120;120;113;114;123;111;112;87;83;86;90;83;77;88;86;89;0.138827;0.134622;0.146031;0.134401;0.139305;0.139657;0.137616;0.136451;0.138565;0.143129;0.0336654;0.0363587;0.0366648;0.0338713;0.0360795;0.0338594;0.0366879;0.0338098;0.0358883;0.0354426;
SHITOMASI;FREAK;MAT_BF;DES_BINARY;SEL_NN;1370;1301;1361;1358;1333;1284;1322;1366;1389;1339;125;118;123;120;120;113;114;123;111;112;125;118;123;120;120;113;114;123;111;0.142627;0.14418;0.134837;0.148999;0.13736;0.13967;0.137912;0.135249;0.13205;0.127579;0.087502;0.0890118;0.0875437;0.0881331;0.087317;0.0928786;0.0830818;0.0865964;0.0829587;0.0837909;
SHITOMASI;FREAK;MAT_BF;DES_BINARY;SEL_KNN;1370;1301;1361;1358;1333;1284;1322;1366;1389;1339;125;118;123;120;120;113;114;123;111;112;90;88;87;89;83;78;81;86;84;0.132267;0.139553;0.14042;0.141974;0.137191;0.135353;0.135907;0.138372;0.152816;0.14126;0.0824293;0.0872932;0.0879914;0.088942;0.0870133;0.0840918;0.0838935;0.0904467;0.102827;0.0863628;
SHITOMASI;FREAK;MAT_FLANN;DES_BINARY;SEL_NN;1370;1301;1361;1358;1333;1284;1322;1366;1389;1339;125;118;123;120;120;113;114;123;111;112;125;118;123;120;120;113;114;123;111;0.144308;0.134912;0.13518;0.129;0.131161;0.12877;0.133102;0.128162;0.129159;0.129519;0.0859356;0.083387;0.0817074;0.0815914;0.081955;0.0828679;0.0819181;0.0878877;0.0812701;0.0833127;
SHITOMASI;FREAK;MAT_FLANN;DES_BINARY;SEL_KNN;1370;1301;1361;1358;1333;1284;1322;1366;1389;1339;125;118;123;120;120;113;114;123;111;112;69;69;64;62;63;61;61;60;62;0.131795;0.129239;0.131482;0.14087;0.129937;0.130276;0.131148;0.132192;0.130444;0.132562;0.0811784;0.0840311;0.083454;0.0846855;0.0802117;0.0810784;0.0822197;0.0818887;0.0807749;0.0805357;
SHITOMASI;SIFT;MAT_BF;DES_HOG;SEL_NN;1370;1301;1361;1358;1333;1284;1322;1366;1389;1339;125;118;123;120;120;113;114;123;111;112;125;118;123;120;120;113;114;123;111;0.131357;0.132496;0.13115;0.130843;0.134683;0.132225;0.134284;0.131803;0.133639;0.135803;0.0795996;0.0787825;0.0804196;0.0850465;0.0793673;0.0782141;0.0791294;0.0840337;0.0866644;0.079066;
SHITOMASI;SIFT;MAT_BF;DES_HOG;SEL_KNN;1370;1301;1361;1358;1333;1284;1322;1366;1389;1339;125;118;123;120;120;113;114;123;111;112;112;109;104;103;99;101;96;106;97;0.134568;0.131967;0.13917;0.13265;0.133233;0.12956;0.131093;0.133769;0.133219;0.130389;0.0810072;0.0788442;0.0812823;0.0803367;0.0830537;0.0796332;0.0845174;0.080324;0.0809649;0.0785445;
SHITOMASI;SIFT;MAT_FLANN;DES_HOG;SEL_NN;1370;1301;1361;1358;1333;1284;1322;1366;1389;1339;125;118;123;120;120;113;114;123;111;112;125;118;123;120;120;113;114;123;111;0.130591;0.130161;0.130388;0.131465;0.137641;0.131944;0.131767;0.13135;0.130702;0.132256;0.0847124;0.0811761;0.0818831;0.0804839;0.088714;0.0782698;0.079686;0.0778422;0.0807104;0.0773587;
SHITOMASI;SIFT;MAT_FLANN;DES_HOG;SEL_KNN;1370;1301;1361;1358;1333;1284;1322;1366;1389;1339;125;118;123;120;120;113;114;123;111;112;111;109;104;103;99;102;96;106;97;0.130102;0.132229;0.135368;0.133455;0.133539;0.130106;0.132979;0.13127;0.129369;0.133497;0.0788752;0.0830693;0.0786247;0.0793852;0.0796084;0.0787309;0.0790405;0.0794152;0.0796675;0.089459;
HARRIS;BRISK;MAT_BF;DES_BINARY;SEL_NN;115;98;113;121;160;383;85;210;171;281;17;14;18;21;26;43;18;31;26;34;17;14;18;21;26;43;18;31;26;0.126383;0.13434;0.130028;0.133643;0.135906;0.326325;0.121266;0.156477;0.139323;0.200643;0.0017246;0.0017805;0.0018969;0.0018959;0.0019132;0.0024569;0.0017047;0.0021507;0.0019577;0.0027255;
HARRIS;BRISK;MAT_BF;DES_BINARY;SEL_KNN;115;98;113;121;160;383;85;210;171;281;17;14;18;21;26;43;18;31;26;34;12;10;14;15;16;16;15;23;21;0.131278;0.128875;0.127288;0.130303;0.136538;0.326245;0.12472;0.15537;0.140082;0.208332;0.0017663;0.0017877;0.0017767;0.001879;0.002021;0.0023893;0.0018363;0.0022518;0.0020589;0.0026595;
HARRIS;BRISK;MAT_FLANN;DES_BINARY;SEL_NN;115;98;113;121;160;383;85;210;171;281;17;14;18;21;26;43;18;31;26;34;17;14;18;21;26;43;18;31;26;0.14464;0.127805;0.133992;0.158192;0.163871;0.332605;0.132036;0.163348;0.15623;0.206132;0.0017735;0.0017;0.0017176;0.0026671;0.0019715;0.0025005;0.0018466;0.0025719;0.0020259;0.0022443;
HARRIS;BRISK;MAT_FLANN;DES_BINARY;SEL_KNN;115;98;113;121;160;383;85;210;171;281;17;14;18;21;26;43;18;31;26;34;11;9;10;11;16;14;12;21;17;0.128862;0.129181;0.133323;0.130406;0.138436;0.36332;0.147329;0.157481;0.163657;0.243061;0.0017322;0.0016252;0.0016384;0.0019384;0.0020641;0.0024117;0.001785;0.002961;0.0023044;0.0025049;
HARRIS;BRIEF;MAT_BF;DES_BINARY;SEL_NN;115;98;113;121;160;383;85;210;171;281;17;14;18;21;26;43;18;31;26;34;17;14;18;21;26;43;18;31;26;0.143389;0.140367;0.140184;0.14044;0.142447;0.330528;0.133877;0.190635;0.14598;0.21922;0.0031677;0.0026095;0.0040211;0.003012;0.0036281;0.0070875;0.0046545;0.0042991;0.0039235;0.0049581;
HARRIS;BRIEF;MAT_BF;DES_BINARY;SEL_KNN;115;98;113;121;160;383;85;210;171;281;17;14;18;21;26;43;18;31;26;34;14;11;15;20;24;26;16;24;23;0.143928;0.145991;0.146367;0.147538;0.158719;0.331286;0.142967;0.188173;0.165633;0.238079;0.0033741;0.003683;0.0031769;0.0052411;0.0045858;0.0053252;0.0030867;0.0054168;0.0052107;0.0051855;
HARRIS;BRIEF;MAT_FLANN;DES_BINARY;SEL_NN;115;98;113;121;160;383;85;210;171;281;17;14;18;21;26;43;18;31;26;34;17;14;18;21;26;43;18;31;26;0.152839;0.148945;0.153121;0.150237;0.164719;0.321007;0.136111;0.161577;0.147732;0.209945;0.0032443;0.0031569;0.0029925;0.0034671;0.0039749;0.0050662;0.0029797;0.0043514;0.0034739;0.00433;
HARRIS;BRIEF;MAT_FLANN;DES_BINARY;SEL_KNN;115;98;113;121;160;383;85;210;171;281;17;14;18;21;26;43;18;31;26;34;12;12;14;17;17;16;12;20;21;0.131199;0.129572;0.13406;0.130304;0.151181;0.310742;0.132197;0.171301;0.141048;0.202716;0.0028843;0.0025806;0.0031872;0.0031011;0.0040988;0.0053939;0.0031488;0.0048603;0.0034789;0.0038822;
HARRIS;ORB;MAT_BF;DES_BINARY;SEL_NN;115;98;113;121;160;383;85;210;171;281;17;14;18;21;26;43;18;31;26;34;17;14;18;21;26;43;18;31;26;0.127506;0.126922;0.134481;0.134958;0.134961;0.30906;0.121993;0.154142;0.142898;0.201774;0.0314726;0.0309802;0.0310734;0.0327184;0.0314857;0.0317253;0.0314565;0.0318924;0.0306328;0.0312505;
HARRIS;ORB;MAT_BF;DES_BINARY;SEL_KNN;115;98;113;121;160;383;85;210;171;281;17;14;18;21;26;43;18;31;26;34;12;13;16;18;24;18;15;24;20;0.128581;0.128326;0.139154;0.128781;0.138136;0.30638;0.162307;0.195506;0.144436;0.194528;0.0312347;0.0310422;0.0402927;0.0314749;0.031406;0.0316485;0.041024;0.0316224;0.0311288;0.0318815;
HARRIS;ORB;MAT_FLANN;DES_BINARY;SEL_NN;115;98;113;121;160;383;85;210;171;281;17;14;18;21;26;43;18;31;26;34;17;14;18;21;26;43;18;31;26;0.12825;0.138696;0.129121;0.128265;0.135194;0.323184;0.123818;0.152655;0.142123;0.201145;0.0305768;0.0309021;0.030545;0.0351791;0.031589;0.0322613;0.0310176;0.0309834;0.031105;0.0337611;
HARRIS;ORB;MAT_FLANN;DES_BINARY;SEL_KNN;115;98;113;121;160;383;85;210;171;281;17;14;18;21;26;43;18;31;26;34;11;11;15;17;20;18;12;21;20;0.132936;0.125182;0.129131;0.133174;0.136885;0.320525;0.120593;0.156525;0.139366;0.199822;0.0321992;0.0311969;0.0306362;0.031575;0.0318609;0.0318615;0.0311771;0.0306175;0.0315275;0.0335473;
HARRIS;FREAK;MAT_BF;DES_BINARY;SEL_NN;115;98;113;121;160;383;85;210;171;281;17;14;18;21;26;43;18;31;26;34;17;14;18;21;26;43;18;31;26;0.127651;0.126073;0.134297;0.127908;0.13605;0.318473;0.12423;0.154187;0.139093;0.213061;0.106255;0.109695;0.109144;0.109066;0.106247;0.118115;0.10687;0.106425;0.110779;0.107681;
HARRIS;FREAK;MAT_BF;DES_BINARY;SEL_KNN;115;98;113;121;160;383;85;210;171;281;17;14;18;21;26;43;18;31;26;34;13;13;15;15;17;20;14;21;18;0.130604;0.128421;0.13277;0.129212;0.14148;0.307167;0.12335;0.152193;0.138916;0.217542;0.108189;0.107584;0.109231;0.106771;0.10689;0.111713;0.106086;0.110066;0.107037;0.105694;
HARRIS;FREAK;MAT_FLANN;DES_BINARY;SEL_NN;115;98;113;121;160;383;85;210;171;281;17;14;18;21;26;43;18;31;26;34;17;14;18;21;26;43;18;31;26;0.127369;0.129096;0.128332;0.132284;0.137812;0.32694;0.125143;0.152437;0.141669;0.210989;0.105993;0.107133;0.110705;0.106464;0.106285;0.109592;0.106832;0.104427;0.106998;0.109168;
HARRIS;FREAK;MAT_FLANN;DES_BINARY;SEL_KNN;115;98;113;121;160;383;85;210;171;281;17;14;18;21;26;43;18;31;26;34;11;9;12;14;12;18;11;16;17;0.127712;0.126299;0.130624;0.129225;0.137651;0.310136;0.12498;0.153343;0.138718;0.201944;0.105135;0.108401;0.118198;0.107678;0.106564;0.111703;0.105732;0.106079;0.106994;0.105949;
HARRIS;SIFT;MAT_BF;DES_HOG;SEL_NN;115;98;113;121;160;383;85;210;171;281;17;14;18;21;26;43;18;31;26;34;17;14;18;21;26;43;18;31;26;0.133587;0.126757;0.12836;0.13414;0.136996;0.309243;0.145033;0.153916;0.144853;0.200842;0.0738657;0.0734479;0.0834974;0.0757865;0.0767042;0.0764975;0.0755266;0.0760753;0.0746521;0.0781545;
HARRIS;SIFT;MAT_BF;DES_HOG;SEL_KNN;115;98;113;121;160;383;85;210;171;281;17;14;18;21;26;43;18;31;26;34;14;11;16;19;22;22;13;24;22;0.132802;0.125908;0.126064;0.133954;0.143166;0.307374;0.125868;0.156609;0.141679;0.200229;0.0736539;0.0744404;0.0762137;0.076228;0.0789635;0.0777703;0.0741095;0.074876;0.0757271;0.0772398;
HARRIS;SIFT;MAT_FLANN;DES_HOG;SEL_NN;115;98;113;121;160;383;85;210;171;281;17;14;18;21;26;43;18;31;26;34;17;14;18;21;26;43;18;31;26;0.131091;0.138774;0.13043;0.129372;0.137246;0.312655;0.126549;0.15311;0.142551;0.199366;0.0755442;0.0761971;0.0773795;0.0746822;0.0835576;0.0782659;0.0745131;0.0758857;0.0786754;0.0764913;
HARRIS;SIFT;MAT_FLANN;DES_HOG;SEL_KNN;115;98;113;121;160;383;85;210;171;281;17;14;18;21;26;43;18;31;26;34;14;11;16;19;22;22;13;24;22;0.130741;0.126189;0.131502;0.130538;0.137412;0.325523;0.135965;0.15346;0.1398;0.201446;0.0755528;0.0736402;0.0784222;0.0739864;0.0829186;0.0818692;0.0748511;0.0761597;0.0746646;0.083814;
FAST;BRISK;MAT_BF;DES_BINARY;SEL_NN;1824;1832;1810;1817;1793;1796;1788;1695;1749;1770;149;152;150;155;149;149;156;150;138;143;149;152;150;155;149;149;156;150;138;0.0109791;0.0117333;0.0115307;0.0105043;0.0111638;0.0119745;0.0119291;0.0115647;0.0105322;0.0109975;0.0052262;0.0056469;0.0053932;0.005465;0.0054283;0.0055039;0.0058588;0.0062523;0.0049806;0.0056128;
FAST;BRISK;MAT_BF;DES_BINARY;SEL_KNN;1824;1832;1810;1817;1793;1796;1788;1695;1749;1770;149;152;150;155;149;149;156;150;138;143;97;104;101;98;85;107;107;100;100;0.011433;0.0113861;0.0105041;0.0107246;0.0114056;0.010692;0.0110285;0.0119417;0.0120177;0.0126959;0.0054896;0.0056193;0.0072859;0.0057143;0.0054557;0.0053505;0.0056325;0.0056392;0.0052466;0.005467;
FAST;BRISK;MAT_FLANN;DES_BINARY;SEL_NN;1824;1832;1810;1817;1793;1796;1788;1695;1749;1770;149;152;150;155;149;149;156;150;138;143;149;152;150;155;149;149;156;150;138;0.0117702;0.0107507;0.0109678;0.0112991;0.0113728;0.0107866;0.0110094;0.0100101;0.0111516;0.0116709;0.0053218;0.0052368;0.0053611;0.0070149;0.0052295;0.0051619;0.0057054;0.0053414;0.0049982;0.0050794;
FAST;BRISK;MAT_FLANN;DES_BINARY;SEL_KNN;1824;1832;1810;1817;1793;1796;1788;1695;1749;1770;149;152;150;155;149;149;156;150;138;143;81;91;87;93;72;84;91;85;96;0.0115634;0.0106297;0.011096;0.0117737;0.0110589;0.0115956;0.0104517;0.0112982;0.0108217;0.0110478;0.0055506;0.0056572;0.0053429;0.0059114;0.0052142;0.0057996;0.0067235;0.0053259;0.0049324;0.0052689;
FAST;BRIEF;MAT_BF;DES_BINARY;SEL_NN;1824;1832;1810;1817;1793;1796;1788;1695;1749;1770;149;152;150;155;149;149;156;150;138;143;149;152;150;155;149;149;156;150;138;0.0106893;0.0113274;0.0111697;0.0114336;0.011446;0.0108868;0.0106508;0.0108131;0.010327;0.0107414;0.0149217;0.0145503;0.0145378;0.0155893;0.0138223;0.0142747;0.0150648;0.0154768;0.0141875;0.0139283;
FAST;BRIEF;MAT_BF;DES_BINARY;SEL_KNN;1824;1832;1810;1817;1793;1796;1788;1695;1749;1770;149;152;150;155;149;149;156;150;138;143;119;130;118;126;108;123;131;125;119;0.0113495;0.0109601;0.0112009;0.0113689;0.0107166;0.0119648;0.0109823;0.0113775;0.0115903;0.0104689;0.0145364;0.014944;0.0147071;0.0143708;0.0141936;0.0149333;0.014854;0.015506;0.0133373;0.0138911;
FAST;BRIEF;MAT_FLANN;DES_BINARY;SEL_NN;1824;1832;1810;1817;1793;1796;1788;1695;1749;1770;149;152;150;155;149;149;156;150;138;143;149;152;150;155;149;149;156;150;138;0.0115707;0.0113409;0.0112933;0.0108847;0.0114577;0.0124136;0.0110312;0.0110601;0.0112193;0.0111018;0.0142227;0.0144416;0.0145123;0.0149836;0.0140199;0.0143474;0.0148846;0.0144174;0.0133331;0.0142918;
FAST;BRIEF;MAT_FLANN;DES_BINARY;SEL_KNN;1824;1832;1810;1817;1793;1796;1788;1695;1749;1770;149;152;150;155;149;149;156;150;138;143;88;101;92;104;95;99;116;108;92;0.0121947;0.0128146;0.013182;0.0111272;0.0107366;0.0113239;0.0105517;0.0103562;0.0105389;0.0121837;0.0181674;0.0151855;0.0163358;0.0156999;0.0139882;0.014737;0.0153544;0.0143296;0.0141585;0.0146662;
FAST;ORB;MAT_BF;DES_BINARY;SEL_NN;1824;1832;1810;1817;1793;1796;1788;1695;1749;1770;149;152;150;155;149;149;156;150;138;143;149;152;150;155;149;149;156;150;138;0.0116189;0.0107194;0.0109055;0.0108674;0.0113074;0.0110694;0.0107954;0.0109744;0.0112535;0.0104256;0.0335856;0.0338424;0.0354354;0.0331664;0.0333719;0.0357339;0.0335175;0.0342479;0.0331548;0.0336352;
FAST;ORB;MAT_BF;DES_BINARY;SEL_KNN;1824;1832;1810;1817;1793;1796;1788;1695;1749;1770;149;152;150;155;149;149;156;150;138;143;122;122;115;129;107;120;126;122;118;0.0114742;0.0109773;0.0111293;0.0111972;0.0110444;0.0107865;0.0113057;0.0105431;0.0110689;0.0114816;0.0338294;0.0340225;0.0372184;0.0345066;0.0341306;0.0358429;0.0330599;0.0331602;0.0325567;0.0454911;
FAST;ORB;MAT_FLANN;DES_BINARY;SEL_NN;1824;1832;1810;1817;1793;1796;1788;1695;1749;1770;149;152;150;155;149;149;156;150;138;143;149;152;150;155;149;149;156;150;138;0.0112509;0.0111595;0.0108653;0.0108576;0.0112999;0.0113688;0.0112726;0.0109838;0.011064;0.0102242;0.0332624;0.0325277;0.0327488;0.0328458;0.0331919;0.0361556;0.0336095;0.0332711;0.0325192;0.033237;
FAST;ORB;MAT_FLANN;DES_BINARY;SEL_KNN;1824;1832;1810;1817;1793;1796;1788;1695;1749;1770;149;152;150;155;149;149;156;150;138;143;94;102;90;97;89;96;106;95;98;0.0113232;0.0116479;0.0112041;0.0115471;0.0115164;0.0105291;0.0129363;0.0112128;0.0114109;0.0108515;0.0330231;0.0333273;0.0333636;0.0332355;0.0329257;0.0339556;0.0355853;0.0371581;0.0321752;0.0324768;
FAST;FREAK;MAT_BF;DES_BINARY;SEL_NN;1824;1832;1810;1817;1793;1796;1788;1695;1749;1770;149;152;150;155;149;149;156;150;138;143;149;152;150;155;149;149;156;150;138;0.0111774;0.0114498;0.0116354;0.0115741;0.0114367;0.0111455;0.0103902;0.0108974;0.0117293;0.0115106;0.083805;0.087231;0.083285;0.0821402;0.0836883;0.0922379;0.0825701;0.0823828;0.0834751;0.0846614;
FAST;FREAK;MAT_BF;DES_BINARY;SEL_KNN;1824;1832;1810;1817;1793;1796;1788;1695;1749;1770;149;152;150;155;149;149;156;150;138;143;97;98;94;99;88;99;104;99;103;0.0110869;0.0110617;0.0114671;0.0109132;0.0101875;0.0109936;0.010814;0.0109373;0.0109819;0.0105936;0.0832141;0.0820022;0.0828423;0.0893445;0.084157;0.0819579;0.0852493;0.0862262;0.0838602;0.0813838;
FAST;FREAK;MAT_FLANN;DES_BINARY;SEL_NN;1824;1832;1810;1817;1793;1796;1788;1695;1749;1770;149;152;150;155;149;149;156;150;138;143;149;152;150;155;149;149;156;150;138;0.0110634;0.0112138;0.0119857;0.011123;0.0107371;0.0107307;0.0112946;0.0111485;0.0157447;0.0107895;0.0824163;0.0846681;0.0832628;0.0863396;0.0822032;0.0888547;0.0825189;0.0840973;0.0911937;0.0823094;
FAST;FREAK;MAT_FLANN;DES_BINARY;SEL_KNN;1824;1832;1810;1817;1793;1796;1788;1695;1749;1770;149;152;150;155;149;149;156;150;138;143;67;81;61;74;59;79;78;78;86;0.0115145;0.0110274;0.0113639;0.0104147;0.0111845;0.0114609;0.0117524;0.0109013;0.0111995;0.0111994;0.083825;0.0823309;0.0853941;0.0834003;0.0859708;0.0846631;0.08244;0.0833661;0.0814613;0.0843813;
FAST;SIFT;MAT_BF;DES_HOG;SEL_NN;1824;1832;1810;1817;1793;1796;1788;1695;1749;1770;149;152;150;155;149;149;156;150;138;143;149;152;150;155;149;149;156;150;138;0.0119234;0.011057;0.0116805;0.0111246;0.0115923;0.0114519;0.0116989;0.0110639;0.0112767;0.0111556;0.101257;0.100058;0.103726;0.105097;0.103664;0.0987807;0.102131;0.10332;0.0987743;0.104559;
FAST;SIFT;MAT_BF;DES_HOG;SEL_KNN;1824;1832;1810;1817;1793;1796;1788;1695;1749;1770;149;152;150;155;149;149;156;150;138;143;118;123;110;119;114;119;123;117;103;0.0115487;0.011527;0.0113661;0.0120654;0.0142262;0.0115322;0.0107783;0.0120037;0.011094;0.0110647;0.0976465;0.100415;0.101211;0.105129;0.108364;0.102251;0.103737;0.100182;0.0990546;0.102979;
FAST;SIFT;MAT_FLANN;DES_HOG;SEL_NN;1824;1832;1810;1817;1793;1796;1788;1695;1749;1770;149;152;150;155;149;149;156;150;138;143;149;152;150;155;149;149;156;150;138;0.0114271;0.0117325;0.0113023;0.0108619;0.0111862;0.0114536;0.0108986;0.010775;0.0111106;0.0123763;0.101966;0.0981885;0.115936;0.102898;0.100403;0.101452;0.102588;0.10161;0.0986174;0.0983214;
FAST;SIFT;MAT_FLANN;DES_HOG;SEL_KNN;1824;1832;1810;1817;1793;1796;1788;1695;1749;1770;149;152;150;155;149;149;156;150;138;143;118;124;110;119;114;119;124;117;103;0.0116321;0.010631;0.011351;0.0113854;0.0113043;0.0108358;0.0102542;0.0115513;0.0139023;0.0108108;0.100398;0.101046;0.106177;0.102159;0.101008;0.107342;0.102512;0.103307;0.102182;0.0996602;
BRISK;BRISK;MAT_BF;DES_BINARY;SEL_NN;2757;2777;2741;2735;2757;2695;2715;2628;2639;2672;264;282;282;277;297;279;289;272;266;254;264;282;282;277;297;279;289;272;266;0.153331;0.148446;0.152019;0.153381;0.148287;0.157741;0.152994;0.156461;0.149626;0.157741;0.0097966;0.0094556;0.0090694;0.0089921;0.0100054;0.009177;0.0095733;0.0092498;0.0087357;0.0084242;
BRISK;BRISK;MAT_BF;DES_BINARY;SEL_KNN;2757;2777;2741;2735;2757;2695;2715;2628;2639;2672;264;282;282;277;297;279;289;272;266;254;171;176;157;176;174;188;173;171;184;0.151681;0.155305;0.162217;0.152435;0.15035;0.155948;0.149239;0.149023;0.149991;0.150997;0.0089322;0.0092614;0.0092301;0.0091745;0.0100535;0.0096114;0.0094278;0.0094553;0.0091793;0.0086169;
BRISK;BRISK;MAT_FLANN;DES_BINARY;SEL_NN;2757;2777;2741;2735;2757;2695;2715;2628;2639;2672;264;282;282;277;297;279;289;272;266;254;264;282;282;277;297;279;289;272;266;0.150528;0.155253;0.150761;0.15159;0.149744;0.15105;0.147979;0.149261;0.153158;0.148145;0.010656;0.0109546;0.009216;0.0093891;0.0097977;0.0091716;0.0110576;0.0091011;0.0094321;0.0085248;
BRISK;BRISK;MAT_FLANN;DES_BINARY;SEL_KNN;2757;2777;2741;2735;2757;2695;2715;2628;2639;2672;264;282;282;277;297;279;289;272;266;254;136;143;136;146;144;159;145;150;158;0.16535;0.150693;0.160642;0.1492;0.149887;0.15038;0.148422;0.149801;0.152883;0.149955;0.0088958;0.0091883;0.0091717;0.0092249;0.0098772;0.0094683;0.0101584;0.0090454;0.0087546;0.0085524;
BRISK;BRIEF;MAT_BF;DES_BINARY;SEL_NN;2757;2777;2741;2735;2757;2695;2715;2628;2639;2672;264;282;282;277;297;279;289;272;266;254;264;282;282;277;297;279;289;272;266;0.150193;0.158252;0.153846;0.155907;0.152551;0.156822;0.148205;0.164522;0.154807;0.154663;0.023611;0.0256318;0.0259933;0.0249632;0.0275222;0.0253371;0.0274194;0.0248488;0.0276211;0.0237916;
BRISK;BRIEF;MAT_BF;DES_BINARY;SEL_KNN;2757;2777;2741;2735;2757;2695;2715;2628;2639;2672;264;282;282;277;297;279;289;272;266;254;178;205;185;179;183;195;207;189;183;0.151849;0.152605;0.15668;0.147628;0.150939;0.150603;0.154554;0.154064;0.153008;0.151164;0.0245959;0.0284827;0.0282309;0.0263406;0.0279153;0.0265016;0.0279597;0.0290818;0.0256033;0.0237578;
BRISK;BRIEF;MAT_FLANN;DES_BINARY;SEL_NN;2757;2777;2741;2735;2757;2695;2715;2628;2639;2672;264;282;282;277;297;279;289;272;266;254;264;282;282;277;297;279;289;272;266;0.158365;0.15657;0.153825;0.147923;0.152917;0.169699;0.169905;0.159461;0.149717;0.152052;0.0247979;0.0253507;0.0263706;0.0260078;0.0271513;0.0337122;0.027784;0.0282773;0.0258879;0.0243306;
BRISK;BRIEF;MAT_FLANN;DES_BINARY;SEL_KNN;2757;2777;2741;2735;2757;2695;2715;2628;2639;2672;264;282;282;277;297;279;289;272;266;254;139;167;133;143;150;157;164;162;152;0.152039;0.153418;0.158624;0.153416;0.152525;0.156061;0.148863;0.158443;0.153119;0.152013;0.0252792;0.0256999;0.0322267;0.0285746;0.0282326;0.0257007;0.0260626;0.0253926;0.0301099;0.0248025;
BRISK;ORB;MAT_BF;DES_BINARY;SEL_NN;2757;2777;2741;2735;2757;2695;2715;2628;2639;2672;264;282;282;277;297;279;289;272;266;254;264;282;282;277;297;279;289;272;266;0.159677;0.150827;0.150601;0.152776;0.150133;0.159468;0.15861;0.146732;0.148851;0.153568;0.133475;0.130912;0.131097;0.132489;0.137298;0.132073;0.144031;0.138879;0.130868;0.131874;
BRISK;ORB;MAT_BF;DES_BINARY;SEL_KNN;2757;2777;2741;2735;2757;2695;2715;2628;2639;2672;264;282;282;277;297;279;289;272;266;254;160;171;157;170;154;180;171;175;172;0.151833;0.151189;0.158834;0.162975;0.152752;0.157518;0.148745;0.148793;0.155902;0.147919;0.135728;0.132006;0.134252;0.138197;0.134603;0.137702;0.140586;0.133063;0.13277;0.132755;
BRISK;ORB;MAT_FLANN;DES_BINARY;SEL_NN;2757;2777;2741;2735;2757;2695;2715;2628;2639;2672;264;282;282;277;297;279;289;272;266;254;264;282;282;277;297;279;289;272;266;0.14972;0.155799;0.149739;0.14929;0.162227;0.162596;0.185104;0.150077;0.150773;0.154215;0.131937;0.132697;0.142361;0.140234;0.145774;0.134494;0.183453;0.140078;0.135442;0.137373;
BRISK;ORB;MAT_FLANN;DES_BINARY;SEL_KNN;2757;2777;2741;2735;2757;2695;2715;2628;2639;2672;264;282;282;277;297;279;289;272;266;254;101;103;94;102;86;119;111;112;114;0.159849;0.150318;0.150713;0.152738;0.150816;0.152095;0.153119;0.169446;0.150667;0.154436;0.135252;0.134695;0.131887;0.133238;0.135743;0.131877;0.13337;0.134122;0.133239;0.133198;
BRISK;FREAK;MAT_BF;DES_BINARY;SEL_NN;2757;2777;2741;2735;2757;2695;2715;2628;2639;2672;264;282;282;277;297;279;289;272;266;254;242;260;263;264;274;256;269;255;243;0.155612;0.152083;0.147961;0.154731;0.149478;0.152004;0.15622;0.145043;0.152258;0.152521;0.0865392;0.0933823;0.0882732;0.0890425;0.0889669;0.0881733;0.0976228;0.0893558;0.0875686;0.0868629;
BRISK;FREAK;MAT_BF;DES_BINARY;SEL_KNN;2757;2777;2741;2735;2757;2695;2715;2628;2639;2672;264;282;282;277;297;279;289;272;266;254;160;178;156;173;160;183;169;179;168;0.155771;0.161481;0.153546;0.156295;0.149216;0.161389;0.150661;0.147047;0.149594;0.156402;0.0874597;0.0905594;0.0895313;0.0883258;0.0896096;0.0876596;0.0918848;0.0915075;0.0903824;0.0871243;
BRISK;FREAK;MAT_FLANN;DES_BINARY;SEL_NN;2757;2777;2741;2735;2757;2695;2715;2628;2639;2672;264;282;282;277;297;279;289;272;266;254;242;260;263;264;274;256;269;255;243;0.156471;0.150666;0.148989;0.153502;0.154248;0.163984;0.151323;0.14906;0.149597;0.148981;0.0901333;0.0894926;0.0890908;0.0925834;0.0885953;0.0887156;0.0897556;0.0870708;0.0912889;0.0912852;
BRISK;FREAK;MAT_FLANN;DES_BINARY;SEL_KNN;2757;2777;2741;2735;2757;2695;2715;2628;2639;2672;264;282;282;277;297;279;289;272;266;254;114;126;113;122;107;132;138;131;131;0.153207;0.158796;0.150751;0.150509;0.155951;0.153482;0.150451;0.14968;0.1497;0.149475;0.0880616;0.0912436;0.0920644;0.0891679;0.0952872;0.0923461;0.0916406;0.0886337;0.0965284;0.0861224;
BRISK;SIFT;MAT_BF;DES_HOG;SEL_NN;2757;2777;2741;2735;2757;2695;2715;2628;2639;2672;264;282;282;277;297;279;289;272;266;254;264;282;282;277;297;279;289;272;266;0.159563;0.153629;0.148257;0.172317;0.149747;0.148116;0.1482;0.154993;0.151472;0.14834;0.200384;0.201935;0.200804;0.214683;0.210926;0.197889;0.201289;0.200195;0.200201;0.191023;
BRISK;SIFT;MAT_BF;DES_HOG;SEL_KNN;2757;2777;2741;2735;2757;2695;2715;2628;2639;2672;264;282;282;277;297;279;289;272;266;254;182;193;169;183;171;195;194;176;183;0.149412;0.159218;0.147694;0.15248;0.151214;0.153795;0.148092;0.1431;0.144488;0.148585;0.203431;0.199733;0.195908;0.206199;0.20295;0.207162;0.204278;0.199235;0.197618;0.198263;
BRISK;SIFT;MAT_FLANN;DES_HOG;SEL_NN;2757;2777;2741;2735;2757;2695;2715;2628;2639;2672;264;282;282;277;297;279;289;272;266;254;264;282;282;277;297;279;289;272;266;0.15243;0.155645;0.149272;0.149469;0.149911;0.150113;0.158246;0.149085;0.150954;0.152228;0.192884;0.192068;0.201091;0.207168;0.201524;0.194973;0.198829;0.19812;0.199467;0.191834;
BRISK;SIFT;MAT_FLANN;DES_HOG;SEL_KNN;2757;2777;2741;2735;2757;2695;2715;2628;2639;2672;264;282;282;277;297;279;289;272;266;254;181;197;169;187;172;197;194;177;184;0.151263;0.150224;0.156821;0.150746;0.153343;0.148456;0.146995;0.143821;0.147823;0.146435;0.201279;0.19993;0.200699;0.209312;0.206831;0.210338;0.208605;0.209099;0.204765;0.1872;
ORB;BRISK;MAT_BF;DES_BINARY;SEL_NN;500;500;500;500;500;500;500;500;500;500;92;102;106;113;109;125;130;129;127;128;83;93;95;103;101;116;120;120;119;1.32228;0.114378;0.110685;0.109923;0.110644;0.110655;0.111718;0.111663;0.109304;0.123523;0.0036884;0.0039288;0.0046548;0.0043024;0.0041321;0.0049189;0.0048427;0.0051657;0.0047978;0.0052386;
ORB;BRISK;MAT_BF;DES_BINARY;SEL_KNN;500;500;500;500;500;500;500;500;500;500;92;102;106;113;109;125;130;129;127;128;73;74;79;85;79;92;90;88;91;0.119201;0.116964;0.113403;0.11125;0.112181;0.116017;0.109795;0.112182;0.111247;0.113244;0.0037157;0.0040045;0.003819;0.0047365;0.0042314;0.0051755;0.0049151;0.0047673;0.0050787;0.0050498;
ORB;BRISK;MAT_FLANN;DES_BINARY;SEL_NN;500;500;500;500;500;500;500;500;500;500;92;102;106;113;109;125;130;129;127;128;83;93;95;103;101;116;120;120;119;0.115266;0.114401;0.111268;0.11013;0.114529;0.108196;0.109652;0.127358;0.113654;0.133714;0.0037181;0.0040612;0.0041001;0.0042262;0.005712;0.0045656;0.0046824;0.0051587;0.0060983;0.0061244;
ORB;BRISK;MAT_FLANN;DES_BINARY;SEL_KNN;500;500;500;500;500;500;500;500;500;500;92;102;106;113;109;125;130;129;127;128;60;65;65;77;72;84;84;73;72;0.127716;0.119421;0.11621;0.119946;0.120239;0.126546;0.123869;0.12125;0.131897;0.135897;0.0041199;0.0075462;0.0047897;0.0041977;0.005132;0.0065694;0.0052498;0.0061493;0.0050539;0.0062429;
ORB;BRIEF;MAT_BF;DES_BINARY;SEL_NN;500;500;500;500;500;500;500;500;500;500;92;102;106;113;109;125;130;129;127;128;92;102;106;113;109;125;130;129;127;0.126017;0.117523;0.122678;0.113795;0.120581;0.114971;0.122728;0.119305;0.12331;0.115454;0.0099435;0.0108776;0.010593;0.0118702;0.0106581;0.0132355;0.0133449;0.0138164;0.0131317;0.0126375;
ORB;BRIEF;MAT_BF;DES_BINARY;SEL_KNN;500;500;500;500;500;500;500;500;500;500;92;102;106;113;109;125;130;129;127;128;49;43;45;59;53;78;68;84;66;0.118725;0.117238;0.113927;0.110011;0.114115;0.125714;0.117403;0.117802;0.123794;0.119019;0.0103848;0.0100235;0.0106061;0.0113159;0.0128982;0.0129898;0.0131589;0.0132943;0.0122518;0.0130885;
ORB;BRIEF;MAT_FLANN;DES_BINARY;SEL_NN;500;500;500;500;500;500;500;500;500;500;92;102;106;113;109;125;130;129;127;128;92;102;106;113;109;125;130;129;127;0.117425;0.119158;0.118004;0.111264;0.11359;0.112214;0.11285;0.114553;0.125605;0.119759;0.0096735;0.0107048;0.0110956;0.0114632;0.0112256;0.014686;0.0147293;0.0132137;0.0133913;0.0123689;
ORB;BRIEF;MAT_FLANN;DES_BINARY;SEL_KNN;500;500;500;500;500;500;500;500;500;500;92;102;106;113;109;125;130;129;127;128;37;38;37;54;42;65;59;62;59;0.111584;0.115074;0.119559;0.116953;0.125527;0.11308;0.114245;0.127376;0.115819;0.118626;0.0099079;0.0109554;0.0102107;0.011802;0.0127651;0.0120373;0.012951;0.0129938;0.0133967;0.0131365;
ORB;ORB;MAT_BF;DES_BINARY;SEL_NN;500;500;500;500;500;500;500;500;500;500;92;102;106;113;109;125;130;129;127;128;92;102;106;113;109;125;130;129;127;0.117248;0.113595;0.114775;0.118504;0.113771;0.119945;0.113595;0.123802;0.133686;0.112685;0.144076;0.153242;0.149841;0.156649;0.143441;0.145851;0.144351;0.16854;0.161493;0.146235;
ORB;ORB;MAT_BF;DES_BINARY;SEL_KNN;500;500;500;500;500;500;500;500;500;500;92;102;106;113;109;125;130;129;127;128;65;69;71;85;91;101;95;93;91;0.134106;0.111748;0.121113;0.119588;0.116615;0.112915;0.113509;0.123444;0.127518;0.117679;0.156711;0.144261;0.142856;0.145744;0.145954;0.148206;0.15354;0.160232;0.150252;0.152466;
ORB;ORB;MAT_FLANN;DES_BINARY;SEL_NN;500;500;500;500;500;500;500;500;500;500;92;102;106;113;109;125;130;129;127;128;92;102;106;113;109;125;130;129;127;0.123501;0.116925;0.116131;0.149564;0.118093;0.139519;0.131781;0.125766;0.111048;0.135044;0.148988;0.15417;0.148757;0.17304;0.145248;0.166754;0.166175;0.155641;0.144071;0.170796;
ORB;ORB;MAT_FLANN;DES_BINARY;SEL_KNN;500;500;500;500;500;500;500;500;500;500;92;102;106;113;109;125;130;129;127;128;40;53;49;56;57;66;71;64;71;0.127149;0.118988;0.135615;0.113044;0.115022;0.128296;0.110997;0.121581;0.110623;0.110284;0.147055;0.176244;0.149355;0.162293;0.140928;0.145547;0.142347;0.14467;0.145894;0.143827;
ORB;FREAK;MAT_BF;DES_BINARY;SEL_NN;500;500;500;500;500;500;500;500;500;500;92;102;106;113;109;125;130;129;127;128;46;53;56;65;55;64;66;71;73;0.111862;0.111517;0.115798;0.11135;0.111656;0.111485;0.110474;0.110524;0.114339;0.116894;0.0784985;0.0775985;0.0768642;0.0776328;0.0777378;0.0827186;0.0785046;0.0784648;0.0782979;0.0831574;
ORB;FREAK;MAT_BF;DES_BINARY;SEL_KNN;500;500;500;500;500;500;500;500;500;500;92;102;106;113;109;125;130;129;127;128;42;36;45;47;44;51;52;49;55;0.111522;0.125533;0.11324;0.112495;0.119685;0.115164;0.113602;0.108596;0.113577;0.112227;0.0801717;0.0809222;0.0808951;0.078951;0.0776468;0.0781236;0.0776531;0.0807478;0.0790385;0.0772393;
ORB;FREAK;MAT_FLANN;DES_BINARY;SEL_NN;500;500;500;500;500;500;500;500;500;500;92;102;106;113;109;125;130;129;127;128;46;53;56;65;55;64;66;71;73;0.116323;0.109488;0.113875;0.110792;0.110089;0.109851;0.108715;0.118274;0.110645;0.130699;0.0777453;0.0776455;0.077357;0.0788472;0.080424;0.0780513;0.0786137;0.0785935;0.0775669;0.0784581;
ORB;FREAK;MAT_FLANN;DES_BINARY;SEL_KNN;500;500;500;500;500;500;500;500;500;500;92;102;106;113;109;125;130;129;127;128;39;33;39;42;34;40;42;39;43;0.110922;0.11063;0.114144;0.111133;0.110351;0.109522;0.118136;0.111123;0.114369;0.109398;0.0774941;0.082934;0.0770814;0.0775682;0.0764283;0.0778304;0.0781747;0.078143;0.0794625;0.0790941;
ORB;SIFT;MAT_BF;DES_HOG;SEL_NN;500;500;500;500;500;500;500;500;500;500;92;102;106;113;109;125;130;129;127;128;92;102;106;113;109;125;130;129;127;0.115096;0.112821;0.110245;0.116309;0.111738;0.113885;0.111429;0.11662;0.112663;0.111287;0.251221;0.24271;0.237136;0.275014;0.250324;0.257004;0.259275;0.274078;0.280321;0.282617;
ORB;SIFT;MAT_BF;DES_HOG;SEL_KNN;500;500;500;500;500;500;500;500;500;500;92;102;106;113;109;125;130;129;127;128;67;79;78;79;82;95;95;94;94;0.111281;0.11174;0.119698;0.111227;0.111089;0.110341;0.113728;0.111143;0.113341;0.112519;0.241428;0.238014;0.253924;0.306173;0.261252;0.239201;0.270347;0.276716;0.281819;0.282715;
ORB;SIFT;MAT_FLANN;DES_HOG;SEL_NN;500;500;500;500;500;500;500;500;500;500;92;102;106;113;109;125;130;129;127;128;92;102;106;113;109;125;130;129;127;0.111892;0.116099;0.114996;0.121415;0.117808;0.116059;0.112324;0.113247;0.110902;0.112553;0.232749;0.247572;0.252103;0.260421;0.253287;0.256017;0.261121;0.287743;0.279098;0.279613;
ORB;SIFT;MAT_FLANN;DES_HOG;SEL_KNN;500;500;500;500;500;500;500;500;500;500;92;102;106;113;109;125;130;129;127;128;67;79;79;80;82;95;95;94;95;0.113791;0.113731;0.113226;0.113445;0.109384;0.115079;0.112348;0.111766;0.110806;0.113822;0.229348;0.257541;0.262184;0.265898;0.24847;0.2503;0.265178;0.283467;0.305113;0.288193;
AKAZE;AKAZE;MAT_BF;DES_BINARY;SEL_NN;1351;1327;1311;1351;1360;1347;1363;1331;1358;1331;166;157;161;155;163;164;173;175;177;179;166;157;161;155;163;164;173;175;177;0.47082;0.474174;0.481773;0.467565;0.463418;0.479022;0.464172;0.493585;0.473606;0.479129;0.455072;0.445179;0.437933;0.451483;0.448997;0.438142;0.460129;0.461868;0.444212;0.440094;
AKAZE;AKAZE;MAT_BF;DES_BINARY;SEL_KNN;1351;1327;1311;1351;1360;1347;1363;1331;1358;1331;166;157;161;155;163;164;173;175;177;179;138;138;133;127;129;146;147;151;150;0.467551;0.463224;0.465496;0.476892;0.467066;0.470803;0.469099;0.468672;0.4687;0.465479;0.449014;0.455068;0.437588;0.455491;0.435045;0.436706;0.446745;0.460623;0.43532;0.437935;
AKAZE;AKAZE;MAT_FLANN;DES_BINARY;SEL_NN;1351;1327;1311;1351;1360;1347;1363;1331;1358;1331;166;157;161;155;163;164;173;175;177;179;166;157;161;155;163;164;173;175;177;0.466641;0.468693;0.47641;0.473687;0.460781;0.4592;0.468759;0.472969;0.458419;0.459436;0.434904;0.443983;0.444903;0.440712;0.448827;0.444673;0.444014;0.446864;0.439859;0.452708;
AKAZE;AKAZE;MAT_FLANN;DES_BINARY;SEL_KNN;1351;1327;1311;1351;1360;1347;1363;1331;1358;1331;166;157;161;155;163;164;173;175;177;179;129;128;125;117;121;131;138;142;144;0.481135;0.5066;0.495779;0.493638;0.498459;0.477212;0.477499;0.530493;0.49894;0.488686;0.446155;0.483491;0.495596;0.498007;0.474623;0.466341;0.509146;0.479952;0.467398;0.460931;
SIFT;BRISK;MAT_BF;DES_BINARY;SEL_NN;1438;1371;1380;1335;1305;1369;1396;1382;1463;1422;138;132;124;137;134;140;137;148;159;137;137;132;124;137;134;140;137;148;159;0.481205;0.478893;0.481778;0.474115;0.503571;0.464938;0.452731;0.453043;0.454647;0.472124;0.0050982;0.0054226;0.0048828;0.0055549;0.0051471;0.0052614;0.0065668;0.0052656;0.0058891;0.0057568;
SIFT;BRISK;MAT_BF;DES_BINARY;SEL_KNN;1438;1371;1380;1335;1305;1369;1396;1382;1463;1422;138;132;124;137;134;140;137;148;159;137;64;66;62;66;59;64;64;67;80;0.458549;0.451643;0.446011;0.461399;0.457444;0.527607;0.458679;0.450297;0.45516;0.463726;0.0051717;0.0047688;0.0045919;0.0049935;0.0059587;0.0051546;0.0049374;0.0052824;0.0056594;0.0049658;
SIFT;BRISK;MAT_FLANN;DES_BINARY;SEL_NN;1438;1371;1380;1335;1305;1369;1396;1382;1463;1422;138;132;124;137;134;140;137;148;159;137;137;132;124;137;134;140;137;148;159;0.456503;0.458678;0.452015;0.445359;0.497374;0.448747;0.447559;0.466594;0.515193;0.462747;0.0052133;0.0052832;0.0045218;0.0058072;0.0048341;0.005184;0.0051029;0.0057096;0.0059758;0.0056037;
SIFT;BRISK;MAT_FLANN;DES_BINARY;SEL_KNN;1438;1371;1380;1335;1305;1369;1396;1382;1463;1422;138;132;124;137;134;140;137;148;159;137;58;63;58;61;54;52;55;63;74;0.466456;0.460037;0.519648;0.449046;0.494448;0.520572;0.478192;0.455317;0.472433;0.457341;0.0048705;0.0062187;0.0046362;0.0052309;0.0059502;0.0050591;0.0048482;0.0053449;0.0076219;0.0058864;
SIFT;BRIEF;MAT_BF;DES_BINARY;SEL_NN;1438;1371;1380;1335;1305;1369;1396;1382;1463;1422;138;132;124;137;134;140;137;148;159;137;138;132;124;137;134;140;137;148;159;0.471218;0.509119;0.480055;0.527775;0.475408;0.488424;0.480776;0.51163;0.468353;0.501346;0.0137376;0.0168013;0.0139254;0.013167;0.0130747;0.0166635;0.0139416;0.015454;0.0154336;0.0154612;
SIFT;BRIEF;MAT_BF;DES_BINARY;SEL_KNN;1438;1371;1380;1335;1305;1369;1396;1382;1463;1422;138;132;124;137;134;140;137;148;159;137;86;78;76;85;69;74;76;70;88;0.501923;0.560541;0.507566;0.448195;0.450966;0.513374;0.457765;0.455491;0.522458;0.485738;0.0144983;0.016198;0.0121872;0.0136425;0.0129697;0.0166504;0.013579;0.0150487;0.0160769;0.0142858;
SIFT;BRIEF;MAT_FLANN;DES_BINARY;SEL_NN;1438;1371;1380;1335;1305;1369;1396;1382;1463;1422;138;132;124;137;134;140;137;148;159;137;138;132;124;137;134;140;137;148;159;0.471598;0.500174;0.480722;0.454778;0.473596;0.475063;0.470548;0.497157;0.469935;0.468442;0.0141759;0.0133342;0.012883;0.0148854;0.0137661;0.014487;0.0136997;0.0155777;0.0162786;0.0142942;
SIFT;BRIEF;MAT_FLANN;DES_BINARY;SEL_KNN;1438;1371;1380;1335;1305;1369;1396;1382;1463;1422;138;132;124;137;134;140;137;148;159;137;67;72;62;65;52;56;72;67;84;0.504064;0.483969;0.459594;0.447558;0.49083;0.485062;0.47545;0.466365;0.463525;0.477485;0.0156176;0.0130611;0.012386;0.0137238;0.0142987;0.0155869;0.0150078;0.0152657;0.0164686;0.013385;
SIFT;FREAK;MAT_BF;DES_BINARY;SEL_NN;1438;1371;1380;1335;1305;1369;1396;1382;1463;1422;138;132;124;137;134;140;137;148;159;137;137;131;123;136;133;139;135;147;158;0.513328;0.510764;0.537759;0.500449;0.473469;0.544077;0.459818;0.463913;0.578828;0.464157;0.0885125;0.0849461;0.094905;0.087828;0.0952115;0.0921505;0.0864808;0.0981721;0.0932575;0.083544;
SIFT;FREAK;MAT_BF;DES_BINARY;SEL_KNN;1438;1371;1380;1335;1305;1369;1396;1382;1463;1422;138;132;124;137;134;140;137;148;159;137;64;72;65;66;63;58;64;65;79;0.510055;0.461882;0.519962;0.471061;0.551776;0.529444;0.544905;0.463923;0.542548;0.52065;0.0835648;0.0846612;0.0838432;0.0878343;0.0946127;0.097429;0.0892039;0.094072;0.0946531;0.0951313;
SIFT;FREAK;MAT_FLANN;DES_BINARY;SEL_NN;1438;1371;1380;1335;1305;1369;1396;1382;1463;1422;138;132;124;137;134;140;137;148;159;137;137;131;123;136;133;139;135;147;158;0.550064;0.492782;0.463049;0.462955;0.550007;0.519528;0.530191;0.543963;0.560091;0.543481;0.0924774;0.0926282;0.0869216;0.0999203;0.0983843;0.0878809;0.103776;0.0950857;0.0985845;0.0937106;
SIFT;FREAK;MAT_FLANN;DES_BINARY;SEL_KNN;1438;1371;1380;1335;1305;1369;1396;1382;1463;1422;138;132;124;137;134;140;137;148;159;137;59;63;53;61;54;51;46;54;67;0.533402;0.531222;0.534367;0.491232;0.480414;0.510672;0.521431;0.482804;0.479334;0.470974;0.0948882;0.0894474;0.0958825;0.0973285;0.0965347;0.094492;0.0882954;0.0900076;0.0922791;0.0851712;
SIFT;SIFT;MAT_BF;DES_HOG;SEL_NN;1438;1371;1380;1335;1305;1369;1396;1382;1463;1422;138;132;124;137;134;140;137;148;159;137;138;132;124;137;134;140;137;148;159;0.557178;0.455006;0.449145;0.449529;0.494997;0.503791;0.570471;0.480288;0.512526;0.474026;0.355036;0.340781;0.335801;0.357552;0.404628;0.377389;0.356559;0.326775;0.356169;0.378501;
SIFT;SIFT;MAT_BF;DES_HOG;SEL_KNN;1438;1371;1380;1335;1305;1369;1396;1382;1463;1422;138;132;124;137;134;140;137;148;159;137;82;81;85;93;90;81;82;102;104;0.470981;0.476513;0.475761;0.507235;0.465066;0.453523;0.453712;0.468861;0.461913;0.459224;0.377276;0.365476;0.358559;0.359858;0.340766;0.347208;0.337272;0.336207;0.336915;0.346168;
SIFT;SIFT;MAT_FLANN;DES_HOG;SEL_NN;1438;1371;1380;1335;1305;1369;1396;1382;1463;1422;138;132;124;137;134;140;137;148;159;137;138;132;124;137;134;140;137;148;159;0.477934;0.483397;0.477097;0.603325;0.473992;0.510959;0.488709;0.550592;0.474431;0.499085;0.351168;0.366308;0.381416;0.379558;0.347854;0.392346;0.369177;0.368985;0.36406;0.362947;
SIFT;SIFT;MAT_FLANN;DES_HOG;SEL_KNN;1438;1371;1380;1335;1305;1369;1396;1382;1463;1422;138;132;124;137;134;140;137;148;159;137;82;82;85;94;90;82;82;102;105;0.49009;0.480222;0.479175;0.49904;0.479219;0.489589;0.468251;0.469981;0.478792;0.490624;0.449844;0.423018;0.354851;0.366144;0.38111;0.352712;0.345088;0.356167;0.360463;0.347161;

